First Name,Last Name,Username
Eric,Radin,eradin93
Evgenia,Ulianova,janeu-source
Hunain,Khawaja,x
Brooke,Burgess,x
Hafsah,Mughal,hafmu
Emily,Pennington,penningtonea
Tianyi,Wang,tianywan819
Chanel,Crawford,x
Christian,Dillard,cdillard49
Seun,Agbaje,oagbaje6
Zubaydah,Alahmadi, Zubaydah
Ashia,Joseph,x
Neerja,Vashist,x
Tyson,Dawson,x
Elizabeth,Zelaya,x
Hawa,Coulibaly,hcouliba
Andrea,Langeland,AndreaLangeland
Travis,Byrum,travisbyrum
